{
    "stat": {
        "ru_self_cgstart": {
            "ru_nvcsw": 11,
            "ru_maxrss_kb": 180940,
            "ru_utime_sec": 4.7392570000000003,
            "ru_stime_sec": 0.231963,
            "ru_minflt": 26478,
            "ru_majflt": 0,
            "ru_nivcsw": 242
        },
        "CodeGen(%)": 19.306641842104586,
        "nMops": 447051,
        "ru_childs_cgstart": {
            "ru_nvcsw": 18,
            "ru_maxrss_kb": 180940,
            "ru_utime_sec": 0.019540999999999999,
            "ru_stime_sec": 0.01268,
            "ru_minflt": 3651,
            "ru_majflt": 0,
            "ru_nivcsw": 12
        },
        "mopSpeed": 392636.66281101073,
        "totalObjSize": 461384,
        "cpu_cycles_cgstart": 62976087732588,
        "nQuads": 145246,
        "cpu_cycles_end": 62979317310294,
        "ru_self_end": {
            "ru_nvcsw": 13,
            "ru_maxrss_kb": 186540,
            "ru_utime_sec": 5.8778439999999996,
            "ru_stime_sec": 0.24007500000000001,
            "ru_minflt": 28567,
            "ru_majflt": 0,
            "ru_nivcsw": 253
        },
        "ru_childs_end": {
            "ru_nvcsw": 19,
            "ru_maxrss_kb": 180940,
            "ru_utime_sec": 0.019540999999999999,
            "ru_stime_sec": 0.01546,
            "ru_minflt": 3877,
            "ru_majflt": 0,
            "ru_nivcsw": 12
        },
        "outputSizePerQuad": 3.1765694063864065,
        "cpu_cycles_total": 17547830401,
        "quadSpeed": 127566.88773014279,
        "Frontend(%)": 80.693358157895418,
        "mop/quad": 3.0778885477052724,
        "peak_mem_kb": 282532,
        "realTime": 6.2696869373321533
    },
    "NameTable": {
        "_vcs_DPI_package": [
            "_vcs_DPI_package",
            "uM9F1",
            "module",
            1
        ],
        "vcs_paramclassrepository": [
            "vcs_paramclassrepository",
            "hEeZs",
            "module",
            2
        ],
        "uvm_pkg": [
            "uvm_pkg",
            "zr7M1",
            "module",
            5
        ],
        "_vcs_unit__3020480426": [
            "_vcs_unit__3020480426",
            "bkP6V",
            "module",
            13
        ],
        "set": [
            "set",
            "vGwT4",
            "module",
            15
        ],
        "uvm_custom_install_recording": [
            "uvm_custom_install_recording",
            "nhiwz",
            "module",
            7
        ],
        "std": [
            "std",
            "reYIK",
            "module",
            4
        ],
        "_vcs_msglog": [
            "_vcs_msglog",
            "zQBzV",
            "module",
            6
        ],
        "uvm_custom_install_verdi_recording": [
            "uvm_custom_install_verdi_recording",
            "EbjT3",
            "module",
            8
        ],
        "cache": [
            "cache",
            "IPJ57",
            "module",
            14
        ],
        "tb_cache": [
            "tb_cache",
            "ABYpH",
            "module",
            16
        ],
        "...MASTER...": [
            "SIM",
            "amcQw",
            "module",
            12
        ]
    },
    "cycles_program_begin": 62961769479893,
    "CompileProcesses": [
        "cgproc.38373.json"
    ],
    "Misc": {
        "vcs_version": "O-2018.09-SP2_Full64",
        "hostname": "",
        "vcs_build_date": "Build Date = Feb 28 2019 22:34:30",
        "csrc_abs": "/home/host/risc_32i/src/rtl/cache/csrc",
        "master_pid": 38373,
        "VCS_HOME": "/opt/synopsys/vcs201809",
        "csrc": "csrc",
        "archive_dir": "archive.19",
        "cwd": "/home/host/risc_32i/src/rtl/cache",
        "daidir": "simv.daidir",
        "default_output_dir": "csrc",
        "daidir_abs": "/home/host/risc_32i/src/rtl/cache/simv.daidir"
    },
    "CompileStatus": "Successful",
    "cpu_cycles_pass2_start": 62976087656302,
    "perf": [
        {
            "stat": [
                "main",
                "entry",
                0.020480871200561523,
                0.043173999999999997,
                0.015699000000000001,
                200728,
                200728,
                0.0,
                0.0,
                1727428747.5436299,
                62961770062652
            ],
            "sub": [
                {
                    "stat": [
                        "doParsingAndDesignResolution",
                        "entry",
                        0.15084505081176758,
                        0.056232999999999998,
                        0.018991999999999998,
                        209744,
                        210544,
                        0.0,
                        0.0,
                        1727428747.6739941,
                        62962135793255
                    ],
                    "sub": []
                },
                {
                    "stat": [
                        "doParsingAndDesignResolution",
                        "exit",
                        1.9377360343933105,
                        1.6930429999999999,
                        0.132081,
                        250652,
                        251300,
                        0.0,
                        0.0,
                        1727428749.460885,
                        62967153469791
                    ],
                    "sub": []
                },
                {
                    "stat": [
                        "doPostDesignResolutionToVir2Vcs",
                        "entry",
                        1.9697659015655518,
                        1.721611,
                        0.13212299999999999,
                        250652,
                        251300,
                        0.0,
                        0.003369,
                        1727428749.4929149,
                        62967243336064
                    ],
                    "sub": [
                        {
                            "stat": [
                                "doUptoVir2VcsNoSepCleanup",
                                "entry",
                                2.6312201023101807,
                                2.3711449999999998,
                                0.14394799999999999,
                                255872,
                                255872,
                                0.0,
                                0.003369,
                                1727428750.1543691,
                                62969100721758
                            ],
                            "sub": []
                        },
                        {
                            "stat": [
                                "doUptoVir2VcsNoSepCleanup",
                                "exit",
                                4.8303930759429932,
                                4.4905299999999997,
                                0.22012399999999999,
                                260264,
                                272744,
                                0.0,
                                0.003369,
                                1727428752.3535421,
                                62975276012876
                            ],
                            "sub": []
                        },
                        {
                            "stat": [
                                "doRadify_vir2vcsAll",
                                "entry",
                                4.8304729461669922,
                                4.4906079999999999,
                                0.22012699999999999,
                                260264,
                                272744,
                                0.0,
                                0.003369,
                                1727428752.353622,
                                62975276117654
                            ],