{
    "cycles_program_begin": 872033111128,
    "MlibObjs": {},
    "incremental": "on",
    "rlimit": {
        "data": -1,
        "stack": -1
    },
    "perf": [
        {
            "stat": [
                "main",
                "entry",
                0.011600017547607422,
                0.025173000000000001,
                0.0042890000000000003,
                200740,
                200740,
                0.0,
                0.0,
                1727539026.5454881,
                872033266561
            ],
            "sub": [
                {
                    "stat": [
                        "doParsingAndDesignResolution",
                        "entry",
                        0.17591500282287598,
                        0.035096000000000002,
                        0.0050130000000000001,
                        209760,
                        210560,
                        0.0,
                        0.0,
                        1727539026.7098031,
                        872443358953
                    ],
                    "sub": []
                },
                {
                    "stat": [
                        "doParsingAndDesignResolution",
                        "exit",
                        0.79995083808898926,
                        0.64781299999999997,
                        0.016306999999999999,
                        251264,
                        251912,
                        0.0,
                        0.0,
                        1727539027.3338389,
                        874000936919
                    ],
                    "sub": []
                },
                {
                    "stat": [
                        "doPostDesignResolutionToVir2Vcs",
                        "entry",
                        0.81949782371520996,
                        0.66520500000000005,
                        0.016306999999999999,
                        251264,
                        251912,
                        0.0021700000000000001,
                        0.0,
                        1727539027.3533859,
                        874049696317
                    ],
                    "sub": [
                        {
                            "stat": [
                                "doUptoVir2VcsNoSepCleanup",
                                "entry",
                                1.116445779800415,
                                0.961808,
                                0.016306999999999999,
                                256676,
                                256676,
                                0.0021700000000000001,
                                0.0,
                                1727539027.6503339,
                                874790892351
                            ],
                            "sub": []
                        },
                        {
                            "stat": [
                                "doUptoVir2VcsNoSepCleanup",
                                "exit",
                                2.2973837852478027,
                                2.1227049999999998,
                                0.032162000000000003,
                                276556,
                                276556,
                                0.004274,
                                0.0,
                                1727539028.8312719,
                                877738441836
                            ],
                            "sub": []
                        },
                        {
                            "stat": [
                                "doRadify_vir2vcsAll",
                                "entry",
                                2.2975118160247803,
                                2.1228349999999998,
                                0.032162000000000003,
                                276556,
                                276556,
                                0.004274,
                                0.0,
                                1727539028.8313999,
                                877738697037
                            ],
                            "sub": []
                        },
                        {
                            "stat": [
                                "doRadify_vir2vcsAll",
                                "exit",
                                2.420058012008667,
                                2.2411140000000001,
                                0.036146999999999999,
                                284552,
                                284552,
                                0.004274,
                                0.0,
                                1727539028.9539461,
                                878044708188
                            ],
                            "sub": []
                        }
                    ]
                },
                {
                    "stat": [
                        "doPostDesignResolutionToVir2Vcs",
                        "exit",
                        2.4201459884643555,
                        2.2412030000000001,
                        0.036148,
                        284552,
                        284552,
                        0.004274,
                        0.0,
                        1727539028.9540341,
                        878044776438
                    ],
                    "sub": []
                },
                {
                    "stat": [
                        "doGAToPass2",
                        "entry",
                        2.4201698303222656,
                        2.2412269999999999,
                        0.036148,
                        284552,
                        284552,
                        0.004274,
                        0.0,
                        1727539028.9540579,
                        878044797053
                    ],
                    "sub": [
                        {
                            "stat": [
                                "DoPass2",
                                "entry",
                                2.4498238563537598,
                                2.25244,
                                0.036148,
                                277152,
                                284552,
                                0.019248000000000001,
                                0.003522,
                                1727539028.983712,
                                878118882939
                            ],
                            "sub": []
                        },
                        {
                            "stat": [
                                "DoPass2",
                                "exit",
                                4.9664788246154785,
                                4.6833790000000004,
                                0.12026000000000001,
                                285220,
                                285220,
                                0.019248000000000001,
                                0.003522,
                                1727539031.5003669,
                                884400215264
                            ],
                            "sub": []
                        }
                    ]
                },
                {
                    "stat": [
                        "doGAToPass2",
                        "exit",
                        4.9710328578948975,
                        4.6879340000000003,
                        0.12026000000000001,
                        285220,
                        285220,
                        0.019248000000000001,
                        0.003522,
                        1727539031.504921,
                        884411575068
                    ],